id,unit_id,unit_name,seq,text,legal_source,article
d0001,u001,総務部,1,市議会に関すること,jorei,条例第1条・第2条
d0002,u001,総務部,2,行政管理に関すること,jorei,条例第1条・第2条
d0003,u001,総務部,3,総合計画に関すること,jorei,条例第1条・第2条
d0004,u001,総務部,4,職員に関すること,jorei,条例第1条・第2条
d0005,u001,総務部,5,文書に関すること,jorei,条例第1条・第2条
d0006,u001,総務部,6,防災に関すること,jorei,条例第1条・第2条
d0007,u001,総務部,7,人権及び同和対策に関すること,jorei,条例第1条・第2条
d0008,u001,総務部,8,広報及び広聴に関すること,jorei,条例第1条・第2条
d0009,u001,総務部,9,交通対策に関すること,jorei,条例第1条・第2条
d0010,u001,総務部,10,財政に関すること,jorei,条例第1条・第2条
d0011,u001,総務部,11,入札及び契約に関すること,jorei,条例第1条・第2条
d0012,u001,総務部,12,財産管理に関すること,jorei,条例第1条・第2条
d0013,u001,総務部,13,SDGs未来都市に関すること,jorei,条例第1条・第2条
d0014,u001,総務部,14,情報管理及び自治体デジタル化の推進に関すること,jorei,条例第1条・第2条
d0015,u001,総務部,15,他の組織との連絡調整に関すること,jorei,条例第1条・第2条
d0016,u001,総務部,16,市長の特命事項に関すること,jorei,条例第1条・第2条
d0017,u003,総務班,1,議会の招集及び議案,kisoku,規則第4条
d0018,u003,総務班,2,条例、規則等の制定及び改廃,kisoku,規則第4条
d0019,u003,総務班,3,公告式,kisoku,規則第4条
d0020,u003,総務班,4,寄附,kisoku,規則第4条
d0021,u003,総務班,5,公印の管守,kisoku,規則第4条
d0022,u003,総務班,6,固定資産評価審査委員会,kisoku,規則第4条
d0023,u003,総務班,7,行政相談,kisoku,規則第4条
d0024,u003,総務班,8,特別職報酬等審議会,kisoku,規則第4条
d0025,u003,総務班,9,審査請求及び訴訟,kisoku,規則第4条
d0026,u003,総務班,10,行政手続,kisoku,規則第4条
d0027,u003,総務班,11,政治倫理,kisoku,規則第4条
d0028,u003,総務班,12,庁議,kisoku,規則第4条
d0029,u003,総務班,13,庁内の取締り,kisoku,規則第4条
d0030,u003,総務班,14,庁内、支所及び郷ノ浦町内の事務所との連絡調整,kisoku,規則第4条
d0031,u003,総務班,15,秘書,kisoku,規則第4条
d0032,u003,総務班,16,儀式、典礼、褒賞、表彰その他行事,kisoku,規則第4条
d0033,u003,総務班,17,陳情及び請願,kisoku,規則第4条
d0034,u003,総務班,18,交渉及び渉外,kisoku,規則第4条
d0035,u003,総務班,19,文書の収受及び発送,kisoku,規則第4条
d0036,u003,総務班,20,文書の管理,kisoku,規則第4条
d0037,u003,総務班,21,情報公開(受付、調整及び処理),kisoku,規則第4条
d0038,u003,総務班,22,個人情報の保護,kisoku,規則第4条
d0039,u003,総務班,23,渡船事業(フェリーみしま),kisoku,規則第4条
d0040,u003,総務班,24,フェリーみしまの運航,kisoku,規則第4条
d0041,u003,総務班,25,壱岐空港ターミナルビルの管理運営,kisoku,規則第4条
d0042,u003,総務班,26,地方バス路線,kisoku,規則第4条
d0043,u003,総務班,27,コミュニティバス,kisoku,規則第4条
d0044,u003,総務班,28,航路・航空路対策,kisoku,規則第4条
d0045,u003,総務班,29,国境離島運賃低廉化,kisoku,規則第4条
d0046,u003,総務班,30,パスポート事務,kisoku,規則第4条
d0047,u003,総務班,31,公共告知放送,kisoku,規則第4条
d0048,u003,総務班,32,更生保護,kisoku,規則第4条
d0049,u003,総務班,33,人権・同和対策,kisoku,規則第4条
d0050,u003,総務班,34,総合賠償補償,kisoku,規則第4条
d0051,u003,総務班,35,後援名義,kisoku,規則第4条
d0052,u003,総務班,36,防犯灯,kisoku,規則第4条
d0053,u003,総務班,37,選挙管理委員会,kisoku,規則第4条
d0054,u003,総務班,38,選挙事務,kisoku,規則第4条
d0055,u003,総務班,39,市長の特命事項,kisoku,規則第4条
d0056,u003,総務班,40,その他他の所管に属しないこと,kisoku,規則第4条
d0057,u003,総務班,41,部の総括,kisoku,規則第4条
d0058,u003,総務班,42,課の庶務,kisoku,規則第4条
d0059,u004,職員班,1,職員の進退、身分、人事、給与、服務、賞罰及び研修,kisoku,規則第4条
d0060,u004,職員班,2,組織及び事務の改善管理並びに事務能率の向上,kisoku,規則第4条
d0061,u004,職員班,3,職員等の公務災害補償、共済、健康管理、職員安全衛生委員会、教養等福利厚生及び退職手当,kisoku,規則第4条
d0062,u004,職員班,4,各種委員の任免,kisoku,規則第4条
d0063,u004,職員班,5,職員の安全運転管理,kisoku,規則第4条
d0064,u004,職員班,6,公平事務,kisoku,規則第4条
d0065,u005,危機管理班,1,防災及び防犯,kisoku,規則第4条
d0066,u005,危機管理班,2,緊急告知放送,kisoku,規則第4条
d0067,u005,危機管理班,3,国民保護,kisoku,規則第4条
d0068,u005,危機管理班,4,交通安全,kisoku,規則第4条
d0069,u005,危機管理班,5,交通災害共済,kisoku,規則第4条
d0070,u005,危機管理班,6,災害貸付,kisoku,規則第4条
d0071,u005,危機管理班,7,自衛官の募集,kisoku,規則第4条
d0072,u005,危機管理班,8,計量器及び立入検査,kisoku,規則第4条
d0073,u005,危機管理班,9,消費者行政,kisoku,規則第4条
d0074,u005,危機管理班,10,その他危機管理,kisoku,規則第4条
d0075,u007,財政班,1,予算,kisoku,規則第4条
d0076,u007,財政班,2,決算,kisoku,規則第4条
d0077,u007,財政班,3,地方債,kisoku,規則第4条
d0078,u007,財政班,4,地方交付税,kisoku,規則第4条
d0079,u007,財政班,5,基金,kisoku,規則第4条
d0080,u007,財政班,6,その他財政,kisoku,規則第4条
d0081,u007,財政班,7,課の庶務,kisoku,規則第4条
d0082,u008,契約管財班,1,建設工事並びに設計・調査・測量業務の入札及び契約,kisoku,規則第4条
d0083,u008,契約管財班,2,市の入札参加資格申請,kisoku,規則第4条
d0084,u008,契約管財班,3,公有財産,kisoku,規則第4条
d0085,u008,契約管財班,4,普通財産の取得、処分及び管理,kisoku,規則第4条
d0086,u008,契約管財班,5,庁用車の損害共済及び台帳管理,kisoku,規則第4条
d0087,u008,契約管財班,6,壱岐市高等職業訓練校,kisoku,規則第4条
d0088,u008,契約管財班,7,壱岐市自動車教習場,kisoku,規則第4条
d0089,u008,契約管財班,8,市有物件の災害共済,kisoku,規則第4条
d0090,u008,契約管財班,9,庁舎管理に係る保守等契約,kisoku,規則第4条
d0091,u008,契約管財班,10,市の電話機、ファクシミリ等の設置,kisoku,規則第4条
d0092,u008,契約管財班,11,その他入札、契約及び財産管理,kisoku,規則第4条
d0093,u010,共創推進班,1,総合計画,kisoku,規則第4条
d0094,u010,共創推進班,2,行政改革,kisoku,規則第4条
d0095,u010,共創推進班,3,地方分権改革,kisoku,規則第4条
d0096,u010,共創推進班,4,政策評価,kisoku,規則第4条
d0097,u010,共創推進班,5,補助金等検討委員会,kisoku,規則第4条
d0098,u010,共創推進班,6,SDGs未来都市及び自治体モデル事業,kisoku,規則第4条
d0099,u010,共創推進班,7,テレワーク及び未来づくり,kisoku,規則第4条
d0100,u010,共創推進班,8,エンゲージメントパートナー制度,kisoku,規則第4条
d0101,u010,共創推進班,9,東京事務所,kisoku,規則第4条
d0102,u010,共創推進班,10,その他特命事業等,kisoku,規則第4条
d0103,u010,共創推進班,11,課の庶務,kisoku,規則第4条
d0104,u011,広報戦略班,1,市広報の編集及び発行,kisoku,規則第4条
d0105,u011,広報戦略班,2,有料広告掲載,kisoku,規則第4条
d0106,u011,広報戦略班,3,ホームページの運営,kisoku,規則第4条
d0107,u011,広報戦略班,4,報道機関との連絡調整,kisoku,規則第4条
d0108,u011,広報戦略班,5,その他広報広聴,kisoku,規則第4条
d0109,u012,情報管理班,1,情報化施策の総合的な企画及び調整,kisoku,規則第4条
d0110,u012,情報管理班,2,情報セキュリティ,kisoku,規則第4条
d0111,u012,情報管理班,3,情報システムの企画、運用及び管理並びに支援,kisoku,規則第4条
d0112,u012,情報管理班,4,情報システム基盤の整備及び維持管理,kisoku,規則第4条
d0113,u012,情報管理班,5,ケーブルテレビ施設の運営及び管理,kisoku,規則第4条
d0114,u013,地域振興部,1,市政の総合的な企画及び調整(総合計画を除く),jorei,条例第1条・第2条
d0115,u013,地域振興部,2,市民協働,jorei,条例第1条・第2条
d0116,u013,地域振興部,3,エネルギー政策,jorei,条例第1条・第2条
d0117,u013,地域振興部,4,統計,jorei,条例第1条・第2条
d0118,u013,地域振興部,5,観光,jorei,条例第1条・第2条
d0119,u013,地域振興部,6,芸術文化の振興,jorei,条例第1条・第2条
d0120,u013,地域振興部,7,スポーツの普及振興,jorei,条例第1条・第2条
d0121,u013,地域振興部,8,スポーツ交流イベント,jorei,条例第1条・第2条
d0122,u013,地域振興部,9,文化財の保護及び活用,jorei,条例第1条・第2条
d0123,u013,地域振興部,10,壱岐市立一支国博物館等の管理運営,jorei,条例第1条・第2条
d0124,u015,企画市民協働班,1,市民協働のまちづくり,kisoku,規則第4条
d0125,u015,企画市民協働班,2,自治基本条例,kisoku,規則第4条
d0126,u015,企画市民協働班,3,男女共同参画推進,kisoku,規則第4条
d0127,u015,企画市民協働班,4,自治公民館,kisoku,規則第4条
d0128,u015,企画市民協働班,5,まちづくり協議会,kisoku,規則第4条
d0129,u015,企画市民協働班,6,地域担当職員,kisoku,規則第4条
d0130,u015,企画市民協働班,7,壱岐市地域協議会,kisoku,規則第4条
d0131,u015,企画市民協働班,8,その他地域の活性化を図る上で必要とすること,kisoku,規則第4条
d0132,u015,企画市民協働班,9,パブリックコメント,kisoku,規則第4条
d0133,u015,企画市民協働班,10,地域振興施策,kisoku,規則第4条
d0134,u015,企画市民協働班,11,国土利用計画策定,kisoku,規則第4条
d0135,u015,企画市民協働班,12,再生可能エネルギー,kisoku,規則第4条
d0136,u015,企画市民協働班,13,行政資料の収集、調査、解析及び提供,kisoku,規則第4条
d0137,u015,企画市民協働班,14,計数資料の管理,kisoku,規則第4条
d0138,u015,企画市民協働班,15,基幹統計,kisoku,規則第4条
d0139,u015,企画市民協働班,16,統計書等の編集及び発行,kisoku,規則第4条
d0140,u015,企画市民協働班,17,その他統計,kisoku,規則第4条
d0141,u016,人口対策班,1,重要施策の企画及び総合調整,kisoku,規則第4条
d0142,u016,人口対策班,2,地域創生・人口減少対策の総合調整,kisoku,規則第4条
d0143,u016,人口対策班,3,移住・定住促進,kisoku,規則第4条
d0144,u016,人口対策班,4,離島振興,kisoku,規則第4条
d0145,u016,人口対策班,5,結婚活動の支援,kisoku,規則第4条
d0146,u016,人口対策班,6,部の総括,kisoku,規則第4条
d0147,u016,人口対策班,7,課の庶務,kisoku,規則第4条
d0148,u018,観光しまづくり班,1,観光振興,kisoku,規則第4条
d0149,u018,観光しまづくり班,2,観光宣伝,kisoku,規則第4条
d0150,u018,観光しまづくり班,3,観光事業の発展及び改善,kisoku,規則第4条
d0151,u018,観光しまづくり班,4,観光施設の整備,kisoku,規則第4条
d0152,u018,観光しまづくり班,5,観光資源の保全開発,kisoku,規則第4条
d0153,u018,観光しまづくり班,6,観光連盟との連絡調整,kisoku,規則第4条
d0154,u018,観光しまづくり班,7,観光に関する諸統計,kisoku,規則第4条
d0155,u018,観光しまづくり班,8,国際化の推進及び国際交流,kisoku,規則第4条
d0156,u018,観光しまづくり班,9,施設の管理運営,kisoku,規則第4条
d0157,u018,観光しまづくり班,10,各種イベント,kisoku,規則第4条
d0158,u018,観光しまづくり班,11,自然公園法(昭和32年法律第161号),kisoku,規則第4条
d0159,u018,観光しまづくり班,12,その他観光,kisoku,規則第4条
d0160,u018,観光しまづくり班,13,課の庶務,kisoku,規則第4条
d0161,u020,文化振興班,1,芸術文化及び芸能等文化の企画並びに振興,kisoku,規則第4条
d0162,u020,文化振興班,2,文化及び芸能等関係団体の指導育成,kisoku,規則第4条
d0163,u020,文化振興班,3,文化関連施設の管理運営,kisoku,規則第4条
d0164,u020,文化振興班,4,文化イベント及び交流事業,kisoku,規則第4条
d0165,u020,文化振興班,5,姉妹・友好都市交流,kisoku,規則第4条
d0166,u020,文化振興班,6,文化団体協議会及び文化協会,kisoku,規則第4条
d0167,u020,文化振興班,7,その他芸術文化振興,kisoku,規則第4条
d0168,u021,スポーツ振興班,1,スポーツの普及奨励及びその企画,kisoku,規則第4条
d0169,u021,スポーツ振興班,2,スポーツ及びレクリエーション団体等の指導育成,kisoku,規則第4条
d0170,u021,スポーツ振興班,3,スポーツ関連施設の管理運営,kisoku,規則第4条
d0171,u021,スポーツ振興班,4,ゴルフ場,kisoku,規則第4条
d0172,u021,スポーツ振興班,5,スポーツイベント及び交流事業,kisoku,規則第4条
d0173,u021,スポーツ振興班,6,B&G海洋センター事業,kisoku,規則第4条
d0174,u021,スポーツ振興班,7,全国離島交流中学生親善大会,kisoku,規則第4条
d0175,u021,スポーツ振興班,8,スポーツ推進委員,kisoku,規則第4条
d0176,u021,スポーツ振興班,9,スポーツ協会,kisoku,規則第4条
d0177,u021,スポーツ振興班,10,その他スポーツ振興,kisoku,規則第4条
d0178,u022,文化財班,1,文化財保護審議会,kisoku,規則第4条
d0179,u022,文化財班,2,文化財保護顕彰,kisoku,規則第4条
d0180,u022,文化財班,3,埋蔵文化財の調査事業,kisoku,規則第4条
d0181,u022,文化財班,4,文化財団体の指導育成,kisoku,規則第4条
d0182,u022,文化財班,5,文化財関連施設の管理運営,kisoku,規則第4条
d0183,u022,文化財班,6,文化財に属する財産の管理等,kisoku,規則第4条
d0184,u022,文化財班,7,その他文化財,kisoku,規則第4条
d0185,u023,市民部,1,戸籍及び住民基本台帳,jorei,条例第1条・第2条
d0186,u023,市民部,2,社会福祉(高齢者福祉を除く),jorei,条例第1条・第2条
d0187,u023,市民部,3,市民生活,jorei,条例第1条・第2条
d0188,u023,市民部,4,生活保護,jorei,条例第1条・第2条
d0189,u023,市民部,5,税,jorei,条例第1条・第2条
d0190,u025,市民班,1,支所市民生活班との調整,kisoku,規則第4条
d0191,u025,市民班,2,戸籍及び住民基本台帳に関する届出、申請及び受付,kisoku,規則第4条
d0192,u025,市民班,3,戸籍及び住民票の謄・抄本並びに証明,kisoku,規則第4条
d0193,u025,市民班,4,個人番号カードの交付及び公的個人認証事務,kisoku,規則第4条
d0194,u025,市民班,5,印鑑登録及び証明,kisoku,規則第4条
d0195,u025,市民班,6,異動処理,kisoku,規則第4条
d0196,u025,市民班,7,諸証明,kisoku,規則第4条
d0197,u025,市民班,8,戸籍届書及び住民基本台帳の閲覧,kisoku,規則第4条
d0198,u025,市民班,9,埋火葬等の許可,kisoku,規則第4条
d0199,u025,市民班,10,船員法に基づく雇入等契約の公認申請及び船員手帳の交付等,kisoku,規則第4条
d0200,u025,市民班,11,人口の動態,kisoku,規則第4条
d0201,u025,市民班,12,身分証明,kisoku,規則第4条
d0202,u025,市民班,13,犯罪人名簿,kisoku,規則第4条
d0203,u025,市民班,14,相続税法第58条の規定による通知,kisoku,規則第4条
d0204,u025,市民班,15,自動車の臨時運行許可及び封印,kisoku,規則第4条
d0205,u025,市民班,16,その他窓口業務,kisoku,規則第4条
d0206,u026,地域福祉班,1,福祉行政の総合的な企画及び調整,kisoku,規則第4条
d0207,u026,地域福祉班,2,地域福祉,kisoku,規則第4条
d0208,u026,地域福祉班,3,援護,kisoku,規則第4条
d0209,u026,地域福祉班,4,災害救助法,kisoku,規則第4条
d0210,u026,地域福祉班,5,福祉統計,kisoku,規則第4条
d0211,u026,地域福祉班,6,各種募金,kisoku,規則第4条
d0212,u026,地域福祉班,7,課及び福祉事務所の予算の総合調整,kisoku,規則第4条
d0213,u026,地域福祉班,8,各種福祉施設の管理運営,kisoku,規則第4条
d0214,u026,地域福祉班,9,民生委員及び児童委員,kisoku,規則第4条
d0215,u026,地域福祉班,10,社会福祉法人,kisoku,規則第4条
d0216,u026,地域福祉班,11,身体障害者(児)福祉,kisoku,規則第4条
d0217,u026,地域福祉班,12,精神障害者福祉,kisoku,規則第4条
d0218,u026,地域福祉班,13,知的障害者(児)福祉,kisoku,規則第4条
d0219,u026,地域福祉班,14,特別障害者手当、障害児福祉手当及び福祉手当,kisoku,規則第4条
d0220,u026,地域福祉班,15,地域生活ホーム,kisoku,規則第4条
d0221,u026,地域福祉班,16,障害者地域活動支援センター,kisoku,規則第4条
d0222,u026,地域福祉班,17,障害者福祉医療,kisoku,規則第4条
d0223,u026,地域福祉班,18,更正医療,kisoku,規則第4条
d0224,u026,地域福祉班,19,障害福祉サービス,kisoku,規則第4条
d0225,u026,地域福祉班,20,部の総括,kisoku,規則第4条
d0226,u026,地域福祉班,21,課の庶務,kisoku,規則第4条
d0227,u028,幼保連携推進班,1,保育所,kisoku,規則第4条
d0228,u028,幼保連携推進班,2,保育所及び幼稚園との連携,kisoku,規則第4条
d0229,u028,幼保連携推進班,3,子ども・子育て会議,kisoku,規則第4条
d0230,u029,こども支援班,1,福祉医療費助成(乳幼児・こども・母子・父子・寡婦),kisoku,規則第4条
d0231,u029,こども支援班,2,児童手当、児童扶養手当及び特別児童扶養手当,kisoku,規則第4条
d0232,u029,こども支援班,3,放課後児童健全育成事業,kisoku,規則第4条
d0233,u029,こども支援班,4,地域子育て支援拠点事業,kisoku,規則第4条
d0234,u029,こども支援班,5,課の庶務,kisoku,規則第4条
d0235,u030,こども家庭センター,1,児童福祉と母子保健の一体的な支援,kisoku,規則第4条
d0236,u030,こども家庭センター,2,児童福祉,kisoku,規則第4条
d0237,u030,こども家庭センター,3,母子・父子及び寡婦福祉,kisoku,規則第4条
d0238,u030,こども家庭センター,4,こどもの居場所づくり,kisoku,規則第4条
d0239,u030,こども家庭センター,5,壱岐こどもセンター,kisoku,規則第4条
d0240,u030,こども家庭センター,6,医療的ケア児の相談,kisoku,規則第4条
d0241,u030,こども家庭センター,7,母子保健,kisoku,規則第4条
d0242,u030,こども家庭センター,8,その他子育て支援,kisoku,規則第4条
d0243,u032,保護班,1,生活保護法の施行(保護金品の支払を除く),kisoku,規則第4条
d0244,u032,保護班,2,精神保健及び精神障害者福祉に関する法律の規定に基づく措置(被生活保護者の措置に限る),kisoku,規則第4条
d0245,u032,保護班,3,介護・医療券の発行,kisoku,規則第4条
d0246,u033,保護給付班,1,保護金品の支払,kisoku,規則第4条
d0247,u033,保護給付班,2,行旅病人及び行旅死亡人並びに行旅困窮者の取扱い,kisoku,規則第4条
d0248,u033,保護給付班,3,課の庶務及び経理,kisoku,規則第4条
d0249,u035,市民税班,1,税務の総合調整,kisoku,規則第4条
d0250,u035,市民税班,2,個人市民税の賦課調定,kisoku,規則第4条
d0251,u035,市民税班,3,法人市民税の賦課調定,kisoku,規則第4条
d0252,u035,市民税班,4,国民健康保険税の賦課調定,kisoku,規則第4条
d0253,u035,市民税班,5,軽自動車税及び市たばこ税の賦課調定,kisoku,規則第4条
d0254,u035,市民税班,6,入湯税,kisoku,規則第4条
d0255,u035,市民税班,7,原動機付自転車及び小型特殊自動車の標識の交付,kisoku,規則第4条
d0256,u035,市民税班,8,証明,kisoku,規則第4条
d0257,u035,市民税班,9,市民税の統計,kisoku,規則第4条
d0258,u035,市民税班,10,課税資料の収集及び課税台帳の整理保管,kisoku,規則第4条
d0259,u035,市民税班,11,その他市税,kisoku,規則第4条
d0260,u036,資産税班,1,固定資産税の賦課調定,kisoku,規則第4条
d0261,u036,資産税班,2,家屋課税台帳及び家屋課税補充台帳並びに名寄帳,kisoku,規則第4条
d0262,u036,資産税班,3,土地課税台帳及び土地課税補充台帳並びに名寄帳,kisoku,規則第4条
d0263,u036,資産税班,4,償却資産,kisoku,規則第4条
d0264,u036,資産税班,5,証明,kisoku,規則第4条
d0265,u036,資産税班,6,国有資産等所在市町村交付金,kisoku,規則第4条
d0266,u036,資産税班,7,固定資産税の統計,kisoku,規則第4条
d0267,u036,資産税班,8,土地及び家屋の異動処理,kisoku,規則第4条
d0268,u036,資産税班,9,公簿の閲覧及び証明,kisoku,規則第4条
d0269,u036,資産税班,10,土地の調査及び評価,kisoku,規則第4条
d0270,u036,資産税班,11,家屋の調査及び評価,kisoku,規則第4条
d0271,u036,資産税班,12,その他資産税,kisoku,規則第4条
d0272,u038,債権管理班,1,債権管理の一元化の推進,kisoku,規則第4条
d0273,u038,債権管理班,2,後期高齢者保険料の徴収,kisoku,規則第4条
d0274,u038,債権管理班,3,介護保険料の徴収,kisoku,規則第4条
d0275,u038,債権管理班,4,滞納処分、差押え、その他強制執行,kisoku,規則第4条
d0276,u038,債権管理班,5,非強制徴収債権の債権整理,kisoku,規則第4条
d0277,u038,債権管理班,6,その他債権管理,kisoku,規則第4条
d0278,u039,納税特別対策班,1,市民税及び県民税の納税,kisoku,規則第4条
d0279,u039,納税特別対策班,2,県民税の払込み,kisoku,規則第4条
d0280,u039,納税特別対策班,3,固定資産税の納税,kisoku,規則第4条
d0281,u039,納税特別対策班,4,国民健康保険税の納税,kisoku,規則第4条
d0282,u039,納税特別対策班,5,滞納処分及び差押え,kisoku,規則第4条
d0283,u039,納税特別対策班,6,その他納税,kisoku,規則第4条
d0284,u039,納税特別対策班,7,課の庶務,kisoku,規則第4条
d0285,u040,保健環境部,1,市民の健康,jorei,条例第1条・第2条
d0286,u040,保健環境部,2,高齢者福祉,jorei,条例第1条・第2条
d0287,u040,保健環境部,3,国民健康保険、後期高齢者医療及び国民年金,jorei,条例第1条・第2条
d0288,u040,保健環境部,4,介護保険,jorei,条例第1条・第2条
d0289,u040,保健環境部,5,環境衛生,jorei,条例第1条・第2条
d0290,u040,保健環境部,6,廃棄物対策,jorei,条例第1条・第2条
d0291,u042,国保・後期・年金班,1,国民健康保険事業特別会計,kisoku,規則第4条
d0292,u042,国保・後期・年金班,2,国民健康保険被保険者の資格,kisoku,規則第4条
d0293,u042,国保・後期・年金班,3,国民健康保険の給付,kisoku,規則第4条
d0294,u042,国保・後期・年金班,4,国民健康保険の保健事業(事務),kisoku,規則第4条
d0295,u042,国保・後期・年金班,5,国民健康保険の補助申請,kisoku,規則第4条
d0296,u042,国保・後期・年金班,6,国民健康保険運営協議会,kisoku,規則第4条
d0297,u042,国保・後期・年金班,7,直営診療所運営,kisoku,規則第4条
d0298,u042,国保・後期・年金班,8,後期高齢者医療特別会計,kisoku,規則第4条
d0299,u042,国保・後期・年金班,9,後期高齢者医療被保険者の資格管理,kisoku,規則第4条
d0300,u042,国保・後期・年金班,10,後期高齢者医療の給付の受付,kisoku,規則第4条
d0301,u042,国保・後期・年金班,11,後期高齢者保険料の賦課徴収,kisoku,規則第4条
d0302,u042,国保・後期・年金班,12,後期高齢者の保健事業(事務),kisoku,規則第4条
d0303,u042,国保・後期・年金班,13,後期高齢者医療の補助申請,kisoku,規則第4条
d0304,u042,国保・後期・年金班,14,レセプト点検,kisoku,規則第4条
d0305,u042,国保・後期・年金班,15,国民年金,kisoku,規則第4条
d0306,u042,国保・後期・年金班,16,年金事務所等との連絡調整,kisoku,規則第4条
d0307,u042,国保・後期・年金班,17,その他国民健康保険、後期高齢者医療及び国民年金,kisoku,規則第4条
d0308,u042,国保・後期・年金班,18,地域医療及び長崎県病院企業団,kisoku,規則第4条
d0309,u042,国保・後期・年金班,19,部の総括,kisoku,規則第4条
d0310,u042,国保・後期・年金班,20,課の庶務,kisoku,規則第4条
d0311,u043,介護保険班,1,介護保険事業特別会計,kisoku,規則第4条
d0312,u043,介護保険班,2,介護保険被保険者の資格,kisoku,規則第4条
d0313,u043,介護保険班,3,介護保険の要介護及び要支援の認定,kisoku,規則第4条
d0314,u043,介護保険班,4,介護認定審査会,kisoku,規則第4条
d0315,u043,介護保険班,5,介護保険の給付,kisoku,規則第4条
d0316,u043,介護保険班,6,介護保険料の賦課徴収,kisoku,規則第4条
d0317,u043,介護保険班,7,介護保険の補助申請,kisoku,規則第4条
d0318,u043,介護保険班,8,介護保険事業計画,kisoku,規則第4条
d0319,u043,介護保険班,9,介護事業者の指定・指導監督,kisoku,規則第4条
d0320,u043,介護保険班,10,介護保険適正化事業,kisoku,規則第4条
d0321,u043,介護保険班,11,介護人材確保,kisoku,規則第4条
d0322,u043,介護保険班,12,その他介護保険,kisoku,規則第4条
d0323,u045,長寿福祉班,1,高齢者福祉,kisoku,規則第4条
d0324,u045,長寿福祉班,2,高齢者の生きがい対策,kisoku,規則第4条
d0325,u045,長寿福祉班,3,高齢者の総合相談支援,kisoku,規則第4条
d0326,u045,長寿福祉班,4,老人福祉施設,kisoku,規則第4条
d0327,u045,長寿福祉班,5,老人福祉法に基づく入所等の措置,kisoku,規則第4条
d0328,u045,長寿福祉班,6,老人福祉法に基づく施設,kisoku,規則第4条
d0329,u046,地域包括支援センター,1,地域支援事業,kisoku,規則第4条
d0330,u046,地域包括支援センター,2,介護予防・日常生活支援総合事業,kisoku,規則第4条
d0331,u046,地域包括支援センター,3,指定介護予防支援,kisoku,規則第4条
d0332,u046,地域包括支援センター,4,地域包括ケア,kisoku,規則第4条
d0333,u046,地域包括支援センター,5,認知症施策,kisoku,規則第4条
d0334,u046,地域包括支援センター,6,地域包括支援センター運営協議会,kisoku,規則第4条
d0335,u046,地域包括支援センター,7,その他介護予防,kisoku,規則第4条
d0336,u046,地域包括支援センター,8,後期高齢者の保健事業(事務を除く),kisoku,規則第4条
d0337,u048,健康増進班,1,健康増進事業,kisoku,規則第4条
d0338,u048,健康増進班,2,栄養事業(食品衛生を含む),kisoku,規則第4条
d0339,u048,健康増進班,3,精神保健事業,kisoku,規則第4条
d0340,u048,健康増進班,4,感染症対策(予防接種を含む),kisoku,規則第4条
d0341,u048,健康増進班,5,歯科保健事業,kisoku,規則第4条
d0342,u048,健康増進班,6,国民健康保険保健事業(特定健診、特定保健指導及び重症化予防),kisoku,規則第4条
d0343,u048,健康増進班,7,へき地医療,kisoku,規則第4条
d0344,u048,健康増進班,8,救急医療,kisoku,規則第4条
d0345,u048,健康増進班,9,原爆被爆者対策,kisoku,規則第4条
d0346,u048,健康増進班,10,献血事業,kisoku,規則第4条
d0347,u048,健康増進班,11,健康危機管理対策,kisoku,規則第4条
d0348,u048,健康増進班,12,保健計画,kisoku,規則第4条
d0349,u048,健康増進班,13,その他健康増進,kisoku,規則第4条
d0350,u048,健康増進班,14,課の庶務,kisoku,規則第4条
d0351,u050,環境衛生班,1,環境保全の計画,kisoku,規則第4条
d0352,u050,環境衛生班,2,一般廃棄物処理施設の総合管理運営,kisoku,規則第4条
d0353,u050,環境衛生班,3,一般廃棄物収集の許可,kisoku,規則第4条
d0354,u050,環境衛生班,4,ごみ収集,kisoku,規則第4条
d0355,u050,環境衛生班,5,不法投棄,kisoku,規則第4条
d0356,u050,環境衛生班,6,海岸漂着物,kisoku,規則第4条
d0357,u050,環境衛生班,7,生ゴミ処理機購入費補助,kisoku,規則第4条
d0358,u050,環境衛生班,8,公害対策,kisoku,規則第4条
d0359,u050,環境衛生班,9,地球温暖化,kisoku,規則第4条
d0360,u050,環境衛生班,10,墓地経営許可,kisoku,規則第4条
d0361,u050,環境衛生班,11,リサイクル事業の推進、指導並びに計画、実施,kisoku,規則第4条
d0362,u050,環境衛生班,12,犬の登録及び狂犬病対策,kisoku,規則第4条
d0363,u050,環境衛生班,13,野犬対策,kisoku,規則第4条
d0364,u050,環境衛生班,14,犬の里親制度,kisoku,規則第4条
d0365,u050,環境衛生班,15,壱岐市葬祭場の管理運営,kisoku,規則第4条
d0366,u050,環境衛生班,16,その他環境衛生,kisoku,規則第4条
d0367,u050,環境衛生班,17,課の庶務,kisoku,規則第4条
d0368,u051,廃棄物対策班,1,一般廃棄物処理基本計画及びその実施計画,kisoku,規則第4条
d0369,u051,廃棄物対策班,2,一般廃棄物処理施設の整備計画,kisoku,規則第4条
d0370,u051,廃棄物対策班,3,その他一般廃棄物対策,kisoku,規則第4条
d0371,u052,産業推進部,1,農業、林業及び畜産業,jorei,条例第1条・第2条
d0372,u052,産業推進部,2,農村整備,jorei,条例第1条・第2条
d0373,u052,産業推進部,3,水産,jorei,条例第1条・第2条
d0374,u052,産業推進部,4,漁港及び港湾,jorei,条例第1条・第2条
d0375,u052,産業推進部,5,ふるさと納税,jorei,条例第1条・第2条
d0376,u052,産業推進部,6,商工業、労働政策及び物産,jorei,条例第1条・第2条
d0377,u052,産業推進部,7,企業誘致,jorei,条例第1条・第2条
d0378,u054,農業振興班,1,農業の総合的な企画及び調整,kisoku,規則第4条
d0379,u054,農業振興班,2,農業振興地域の整備,kisoku,規則第4条
d0380,u054,農業振興班,3,農業経営基盤強化促進,kisoku,規則第4条
d0381,u054,農業振興班,4,農産物の生産及び流通の改善,kisoku,規則第4条
d0382,u054,農業振興班,5,主要食糧の生産及び流通,kisoku,規則第4条
d0383,u054,農業振興班,6,農業諸団体の育成,kisoku,規則第4条
d0384,u054,農業振興班,7,農事組合法人の届出の受理等,kisoku,規則第4条
d0385,u054,農業振興班,8,JAS法,kisoku,規則第4条
d0386,u054,農業振興班,9,病害虫の防除,kisoku,規則第4条
d0387,u054,農業振興班,10,鳥獣の保護及び狩猟,kisoku,規則第4条
d0388,u054,農業振興班,11,有害鳥獣の駆除,kisoku,規則第4条
d0389,u054,農業振興班,12,農業振興関連施設の管理運営,kisoku,規則第4条
d0390,u054,農業振興班,13,畜産業の振興,kisoku,規則第4条
d0391,u054,農業振興班,14,へい獣処理,kisoku,規則第4条
d0392,u054,農業振興班,15,家畜診療所との連絡調整,kisoku,規則第4条
d0393,u054,農業振興班,16,環境保全型直接支払交付金,kisoku,規則第4条
d0394,u054,農業振興班,17,その他農業振興,kisoku,規則第4条
d0395,u054,農業振興班,18,部の総括,kisoku,規則第4条
d0396,u054,農業振興班,19,課の庶務,kisoku,規則第4条
d0397,u055,農林整備班,1,土地改良事業,kisoku,規則第4条
d0398,u055,農林整備班,2,土地改良事業(95条)の許認可,kisoku,規則第4条
d0399,u055,農林整備班,3,農道及び林道の整備並びに管理,kisoku,規則第4条
d0400,u055,農林整備班,4,農業施設の台帳の整理,kisoku,規則第4条
d0401,u055,農林整備班,5,交換分合事業の許認可,kisoku,規則第4条
d0402,u055,農林整備班,6,換地事務及び交換分合事業,kisoku,規則第4条
d0403,u055,農林整備班,7,農業用水資源,kisoku,規則第4条
d0404,u055,農林整備班,8,農地防災事業,kisoku,規則第4条
d0405,u055,農林整備班,9,農地農業用施設等の災害復旧事業,kisoku,規則第4条
d0406,u055,農林整備班,10,農林海岸の保全,kisoku,規則第4条
d0407,u055,農林整備班,11,多面的機能支払交付金,kisoku,規則第4条
d0408,u055,農林整備班,12,中山間地域等直接支払制度,kisoku,規則第4条
d0409,u055,農林整備班,13,緑化推進,kisoku,規則第4条
d0410,u055,農林整備班,14,治山治水,kisoku,規則第4条
d0411,u055,農林整備班,15,森林環境譲与税,kisoku,規則第4条
d0412,u055,農林整備班,16,農業機械銀行,kisoku,規則第4条
d0413,u055,農林整備班,17,その他農林整備,kisoku,規則第4条
d0414,u057,水産班,1,水産業に係る総合的な企画及び調整,kisoku,規則第4条
d0415,u057,水産班,2,水産業に関する調査並びに情報の収集及び提供,kisoku,規則第4条
d0416,u057,水産班,3,沿岸漁業の振興,kisoku,規則第4条
d0417,u057,水産班,4,水産加工事業の振興,kisoku,規則第4条
d0418,u057,水産班,5,水産関係諸団体,kisoku,規則第4条
d0419,u057,水産班,6,水産関係施設の管理,kisoku,規則第4条
d0420,u057,水産班,7,漁場の造成,kisoku,規則第4条
d0421,u057,水産班,8,その他水産振興全般,kisoku,規則第4条
d0422,u058,港湾漁港班,1,漁港及び港湾の総合整備計画,kisoku,規則第4条
d0423,u058,港湾漁港班,2,漁村の総合整備計画,kisoku,規則第4条
d0424,u058,港湾漁港班,3,その他漁港及び港湾の整備,kisoku,規則第4条
d0425,u059,管理班,1,港湾及び漁港の維持管理,kisoku,規則第4条
d0426,u059,管理班,2,港湾及び漁港に関する各種統計,kisoku,規則第4条
d0427,u059,管理班,3,港湾・漁港台帳,kisoku,規則第4条
d0428,u059,管理班,4,ターミナルビルの総合的な管理運営,kisoku,規則第4条
d0429,u059,管理班,5,公有水面,kisoku,規則第4条
d0430,u059,管理班,6,プレジャーボート,kisoku,規則第4条
d0431,u059,管理班,7,砂利採取,kisoku,規則第4条
d0432,u059,管理班,8,課の庶務,kisoku,規則第4条
d0433,u061,ふるさと振興班,1,商工業の振興,kisoku,規則第4条
d0434,u061,ふるさと振興班,2,個人向けふるさと納税,kisoku,規則第4条
d0435,u061,ふるさと振興班,3,企業版ふるさと納税,kisoku,規則第4条
d0436,u061,ふるさと振興班,4,商店街の活性化,kisoku,規則第4条
d0437,u061,ふるさと振興班,5,中小企業振興制度,kisoku,規則第4条
d0438,u061,ふるさと振興班,6,工場立地法及び大規模小売店舗立地法,kisoku,規則第4条
d0439,u061,ふるさと振興班,7,物産振興,kisoku,規則第4条
d0440,u061,ふるさと振興班,8,壱岐市ふるさと商社,kisoku,規則第4条
d0441,u061,ふるさと振興班,9,焼酎振興,kisoku,規則第4条
d0442,u061,ふるさと振興班,10,商工施設の管理運営及び整備,kisoku,規則第4条
d0443,u061,ふるさと振興班,11,マリンパル壱岐,kisoku,規則第4条
d0444,u061,ふるさと振興班,12,課の庶務,kisoku,規則第4条
d0445,u062,雇用対策班,1,雇用機会拡充事業,kisoku,規則第4条
d0446,u062,雇用対策班,2,企業誘致,kisoku,規則第4条
d0447,u062,雇用対策班,3,雇用・労働行政,kisoku,規則第4条
d0448,u062,雇用対策班,4,協同組合及び協業組合の設立、認可等,kisoku,規則第4条
d0449,u064,衛生指導班,1,家畜の診療,kisoku,規則第4条
d0450,u064,衛生指導班,2,家畜の管理及び衛生指導,kisoku,規則第4条
d0451,u064,衛生指導班,3,その他家畜診療所の設置目的を達成するために必要な業務,kisoku,規則第4条
d0452,u064,衛生指導班,4,所の庶務,kisoku,規則第4条
d0453,u065,防疫班,1,家畜疾病の予防、診断及び治療,kisoku,規則第4条
d0454,u065,防疫班,2,医薬品、衛生資材の購入及び保管,kisoku,規則第4条
d0455,u066,建設部,1,土木工事及び用地,jorei,条例第1条・第2条
d0456,u066,建設部,2,道路等の維持管理及び都市計画,jorei,条例第1条・第2条
d0457,u066,建設部,3,地籍及び登記,jorei,条例第1条・第2条
d0458,u066,建設部,4,市営住宅,jorei,条例第1条・第2条
d0459,u066,建設部,5,建築監理及び危険家屋,jorei,条例第1条・第2条
d0460,u068,土木班,1,道路、河川及び橋梁の整備,kisoku,規則第4条
d0461,u068,土木班,2,砂防及び急傾斜地,kisoku,規則第4条
d0462,u068,土木班,3,公園及び緑地の新設及び改良,kisoku,規則第4条
d0463,u068,土木班,4,開発許可事務,kisoku,規則第4条
d0464,u068,土木班,5,建設海岸保全,kisoku,規則第4条
d0465,u068,土木班,6,地すべり対策,kisoku,規則第4条
d0466,u068,土木班,7,公共土木災害復旧,kisoku,規則第4条
d0467,u068,土木班,8,土木設計積算システム,kisoku,規則第4条
d0468,u068,土木班,9,土木工事に伴う各種補償,kisoku,規則第4条
d0469,u068,土木班,10,その他土木工事,kisoku,規則第4条
d0470,u069,管理土地対策班,1,市道の認定、廃止及び変更,kisoku,規則第4条
d0471,u069,管理土地対策班,2,道路、河川、橋梁の管理及び台帳の整備,kisoku,規則第4条
d0472,u069,管理土地対策班,3,都市公園の管理及び台帳の整備,kisoku,規則第4条
d0473,u069,管理土地対策班,4,法定外公共物,kisoku,規則第4条
d0474,u069,管理土地対策班,5,道路、河川及び都市公園の占用,kisoku,規則第4条
d0475,u069,管理土地対策班,6,砂利採取及び採石業,kisoku,規則第4条
d0476,u069,管理土地対策班,7,景観まちづくり,kisoku,規則第4条
d0477,u069,管理土地対策班,8,都市計画,kisoku,規則第4条
d0478,u069,管理土地対策班,9,特殊車両通行許可,kisoku,規則第4条
d0479,u069,管理土地対策班,10,地籍及び登記,kisoku,規則第4条
d0480,u069,管理土地対策班,11,地図情報システム管理,kisoku,規則第4条
d0481,u069,管理土地対策班,12,その他用地,kisoku,規則第4条
d0482,u069,管理土地対策班,13,部の総括,kisoku,規則第4条
d0483,u069,管理土地対策班,14,課の庶務,kisoku,規則第4条
d0484,u070,住宅班,1,市営住宅入居者の募集及び選定,kisoku,規則第4条
d0485,u070,住宅班,2,市営住宅施設台帳の整備保管,kisoku,規則第4条
d0486,u070,住宅班,3,市営住宅の家賃の決定及び賦課徴収,kisoku,規則第4条
d0487,u070,住宅班,4,市営住宅の用途廃止,kisoku,規則第4条
d0488,u070,住宅班,5,市営住宅の整備,kisoku,規則第4条
d0489,u070,住宅班,6,市営住宅の維持管理,kisoku,規則第4条
d0490,u071,建築整備班,1,市有建築物の設計指導,kisoku,規則第4条
d0491,u071,建築整備班,2,市が建設する施設の監督及び指導,kisoku,規則第4条
d0492,u071,建築整備班,3,建築確認申請等の受付,kisoku,規則第4条
d0493,u071,建築整備班,4,危険家屋,kisoku,規則第4条
d0494,u071,建築整備班,5,その他建築,kisoku,規則第4条
d0495,u073,水道班,1,専用水道及び簡易専用水道,kisoku,規則第4条
d0496,u074,下水道班,1,公共下水道事業及び漁業集落排水整備事業,kisoku,規則第4条
d0497,u074,下水道班,2,合併処理浄化槽整備事業の総合計画,kisoku,規則第4条
d0498,u074,下水道班,3,合併処理浄化槽設置整備事業,kisoku,規則第4条
d0499,u078,市民生活班,1,戸籍・住民票等の窓口業務、税務証明、国保・介護保険、福祉相談、生活保護窓口支給 ほか(原文は約69項目を列挙 — モックでは概要のみ),kisoku,規則第14条
d0500,u080,市民生活班,1,戸籍・住民票等の窓口業務、税務証明、国保・介護保険、福祉相談、生活保護窓口支給 ほか(概要),kisoku,規則第14条
d0501,u081,地域班,1,地域活動の活性化推進、行政情報の提供、地域課題の把握 ほか(概要),kisoku,規則第14条
d0502,u083,市民生活班,1,戸籍・住民票等の窓口業務、税務証明、国保・介護保険、福祉相談、生活保護窓口支給 ほか(概要),kisoku,規則第14条
d0503,u084,地域班,1,地域活動の活性化推進、行政情報の提供、地域課題の把握 ほか(概要),kisoku,規則第14条
d0504,u086,市民生活班,1,戸籍・住民票等の窓口業務、税務証明、国保・介護保険、福祉相談、生活保護窓口支給 ほか(概要),kisoku,規則第14条
d0505,u087,地域班,1,地域活動の活性化推進、行政情報の提供、地域課題の把握 ほか(概要),kisoku,規則第14条
d0506,u088,福祉事務所,1,社会福祉法第14条第6項に規定する事務,kisoku,規則第27条
d0507,u089,事務所(8か所),1,公印の管守、生活保護費支給、福祉相談、国民年金、国保、児童手当 ほか(原文は約20項目を列挙 — モックでは概要のみ),kisoku,規則第28条
d0508,u091,総務班,1,教育行政の企画調整,kyoiku,教委規則
d0509,u091,総務班,2,教育委員会の会議,kyoiku,教委規則
d0510,u091,総務班,3,請願、陳情等の処理,kyoiku,教委規則
d0511,u091,総務班,4,規則及び規程等の制定改廃及び公示,kyoiku,教委規則
d0512,u091,総務班,5,教育機関の設置及び廃止,kyoiku,教委規則
d0513,u091,総務班,6,各種表彰,kyoiku,教委規則
d0514,u091,総務班,7,公印の管守,kyoiku,教委規則
d0515,u091,総務班,8,文書及び物品の収受及び発送,kyoiku,教委規則
d0516,u091,総務班,9,教育統計調査,kyoiku,教委規則
d0517,u091,総務班,10,教科用図書の採択及び給与,kyoiku,教委規則
d0518,u091,総務班,11,各種委員会,kyoiku,教委規則
d0519,u091,総務班,12,予算編成及び経理,kyoiku,教委規則
d0520,u091,総務班,13,幼稚園の授業料及びその他歳入,kyoiku,教委規則
d0521,u091,総務班,14,幼稚園の入退園等,kyoiku,教委規則
d0522,u091,総務班,15,通学区域,kyoiku,教委規則
d0523,u091,総務班,16,児童、生徒及び幼児の出席停止及び休業日の決定,kyoiku,教委規則
d0524,u091,総務班,17,外国語指導助手,kyoiku,教委規則
d0525,u091,総務班,18,公立学校及び幼稚園の管理運営,kyoiku,教委規則
d0526,u091,総務班,19,教育行政に関する相談,kyoiku,教委規則
d0527,u091,総務班,20,公立学校共済組合,kyoiku,教委規則
d0528,u091,総務班,21,教職員住宅,kyoiku,教委規則
d0529,u091,総務班,22,就学援助,kyoiku,教委規則
d0530,u091,総務班,23,児童生徒の転出入,kyoiku,教委規則
d0531,u091,総務班,24,幼稚園,kyoiku,教委規則
d0532,u091,総務班,25,学校給食,kyoiku,教委規則
d0533,u091,総務班,26,学校用務給食会,kyoiku,教委規則
d0534,u091,総務班,27,教育委員会の総括,kyoiku,教委規則
d0535,u091,総務班,28,課の庶務,kyoiku,教委規則
d0536,u091,総務班,29,他課の主管に属しない教育行政の事務,kyoiku,教委規則
d0537,u091,総務班,30,学校等の施設及び施設の整備,kyoiku,教委規則
d0538,u091,総務班,31,教育総務課に関する教育財産の管理,kyoiku,教委規則
d0539,u091,総務班,32,学校施設台帳の整備,kyoiku,教委規則
d0540,u091,総務班,33,その他財務,kyoiku,教委規則
d0541,u093,学校教育班,1,教育の基本計画,kyoiku,教委規則
d0542,u093,学校教育班,2,教育課程の編成及び実施,kyoiku,教委規則
d0543,u093,学校教育班,3,学校職員の任免、分限、懲戒、服務、研修その他の人事,kyoiku,教委規則
d0544,u093,学校教育班,4,学校職員の人員配置,kyoiku,教委規則
d0545,u093,学校教育班,5,学校職員の福利厚生,kyoiku,教委規則
d0546,u093,学校教育班,6,教職員の資格及び免許状,kyoiku,教委規則
d0547,u093,学校教育班,7,教職員の研修,kyoiku,教委規則
d0548,u093,学校教育班,8,研究指定校,kyoiku,教委規則
d0549,u093,学校教育班,9,学校同和教育,kyoiku,教委規則
d0550,u093,学校教育班,10,学級編成,kyoiku,教委規則
d0551,u093,学校教育班,11,学校教育の指導,kyoiku,教委規則
d0552,u093,学校教育班,12,その他学校教育,kyoiku,教委規則
d0553,u093,学校教育班,13,予算編成及び経理,kyoiku,教委規則
d0554,u093,学校教育班,14,その他財務,kyoiku,教委規則
d0555,u093,学校教育班,15,教職員並びに幼児、児童及び生徒の保健及び衛生,kyoiku,教委規則
d0556,u093,学校教育班,16,園児、児童及び生徒並びに職員の健康診断,kyoiku,教委規則
d0557,u093,学校教育班,17,学校医,kyoiku,教委規則
d0558,u093,学校教育班,18,学校環境の衛生及び安全管理,kyoiku,教委規則
d0559,u093,学校教育班,19,独立行政法人日本スポーツ振興センター,kyoiku,教委規則
d0560,u093,学校教育班,20,学校給食(施設整備を除く),kyoiku,教委規則
d0561,u093,学校教育班,21,学齢簿,kyoiku,教委規則
d0562,u093,学校教育班,22,就学、就学猶予並びに児童及び生徒の転入及び転出,kyoiku,教委規則
d0563,u095,生涯学習班,1,生涯学習及び社会教育の総合企画及び振興,kyoiku,教委規則
d0564,u095,生涯学習班,2,社会教育委員会,kyoiku,教委規則
d0565,u095,生涯学習班,3,生涯教育及び社会教育,kyoiku,教委規則
d0566,u095,生涯学習班,4,生涯学習関係団体等の指導育成,kyoiku,教委規則
d0567,u095,生涯学習班,5,人権教育,kyoiku,教委規則
d0568,u095,生涯学習班,6,成人教育及び女性教育並びに家庭教育,kyoiku,教委規則
d0569,u095,生涯学習班,7,視聴覚教育,kyoiku,教委規則
d0570,u095,生涯学習班,8,公民館,kyoiku,教委規則
d0571,u095,生涯学習班,9,図書館,kyoiku,教委規則
d0572,u095,生涯学習班,10,社会教育課に属する財産,kyoiku,教委規則
d0573,u095,生涯学習班,11,予算編成及び経理,kyoiku,教委規則
d0574,u095,生涯学習班,12,課の庶務,kyoiku,教委規則
d0575,u095,生涯学習班,13,市民スポーツの普及奨励及びその企画,kyoiku,教委規則
d0576,u095,生涯学習班,14,体育及びレクリエーション団体等の指導育成,kyoiku,教委規則
d0577,u095,生涯学習班,15,社会体育施設の管理運営及び使用料の収納,kyoiku,教委規則
d0578,u095,生涯学習班,16,学校体育施設開放事業,kyoiku,教委規則
d0579,u095,生涯学習班,17,スポーツ推進委員,kyoiku,教委規則
d0580,u095,生涯学習班,18,体育協会,kyoiku,教委規則
d0581,u095,生涯学習班,19,その他社会体育,kyoiku,教委規則
d0582,u095,生涯学習班,20,青少年教育の総合的な企画及び調整指導,kyoiku,教委規則
d0583,u095,生涯学習班,21,青少年関係団体の指導育成,kyoiku,教委規則
d0584,u095,生涯学習班,22,青少年健全育成,kyoiku,教委規則
d0585,u095,生涯学習班,23,その他青少年教育,kyoiku,教委規則
d0586,u095,生涯学習班,24,芸術文化及び芸能等文化の企画及び振興,kyoiku,教委規則
d0587,u095,生涯学習班,25,文化及び芸能等関係団体の指導育成,kyoiku,教委規則
d0588,u095,生涯学習班,26,芸術文化施設の管理運営,kyoiku,教委規則
d0589,u095,生涯学習班,27,その他芸術文化振興,kyoiku,教委規則
d0590,u096,文化財班,1,文化財保護審議会,kyoiku,教委規則
d0591,u096,文化財班,2,文化財保護顕彰,kyoiku,教委規則
d0592,u096,文化財班,3,埋蔵文化財の調査事業,kyoiku,教委規則
d0593,u096,文化財班,4,文化財団体の指導育成,kyoiku,教委規則
d0594,u096,文化財班,5,文化財関係施設の管理運営,kyoiku,教委規則
d0595,u096,文化財班,6,文化財に属する財産の管理等,kyoiku,教委規則
d0596,u096,文化財班,7,予算編成及び経理,kyoiku,教委規則
d0597,u096,文化財班,8,その他文化財,kyoiku,教委規則
